,time,T,CA0,CA,CB,CC
0,0.0,250,1.5,1.4971817771661344,0.0,0.11394006845433008
1,0.125,250,1.5,1.2666208364747018,0.28877587100189184,0.0
2,0.25,250,1.5,1.005089196156311,0.4422069916212893,0.05941160495764511
3,0.375,250,1.5,0.8448308226410463,0.48237787590417364,0.0
4,0.5,250,1.5,0.6011527168477341,0.8155903018530994,0.0
5,0.625,250,1.5,0.5059330998644451,0.7709253990872685,0.03825258153480675
6,0.75,250,1.5,0.3751182851790119,0.9337509308708549,0.09792402553941482
7,0.875,250,1.5,0.3249513528763349,1.047913780712688,0.16970514069765136
8,1.0,250,1.5,0.2131341212310885,1.0179580208308996,0.083976536730972
